{
  "width": 848,
  "height": 480,
  "distortion_model": "plumb_bob",
  "k": [
    605.1414184570312,
    0.0,
    417.1040954589844,
    0.0,
    604.7616577148438,
    250.10911560058594,
    0.0,
    0.0,
    1.0
  ],
  "d": [
    0.0,
    0.0,
    0.0,
    0.0,
    0.0
  ],
  "r": [
    1.0,
    0.0,
    0.0,
    0.0,
    1.0,
    0.0,
    0.0,
    0.0,
    1.0
  ],
  "p": [
    605.1414184570312,
    0.0,
    417.1040954589844,
    0.0,
    0.0,
    604.7616577148438,
    250.10911560058594,
    0.0,
    0.0,
    0.0,
    1.0,
    0.0
  ],
  "binning_x": 0,
  "binning_y": 0,
  "roi": {
    "x_offset": 0,
    "y_offset": 0,
    "height": 0,
    "width": 0,
    "do_rectify": false
  },
  "fx": 605.1414184570312,
  "fy": 604.7616577148438,
  "cx": 417.1040954589844,
  "cy": 250.10911560058594,
  "timestamp": "20260310_171629",
  "cloud_time": 1773134189.8618882,
  "camera_info_time": 1773134189.8646655,
  "time_diff": 0.0027773380279541016
}