{
  "width": 848,
  "height": 480,
  "distortion_model": "plumb_bob",
  "k": [
    425.0783386230469,
    0.0,
    427.19903564453125,
    0.0,
    425.0783386230469,
    239.22349548339844,
    0.0,
    0.0,
    1.0
  ],
  "d": [
    0.0,
    0.0,
    0.0,
    0.0,
    0.0
  ],
  "r": [
    1.0,
    0.0,
    0.0,
    0.0,
    1.0,
    0.0,
    0.0,
    0.0,
    1.0
  ],
  "p": [
    425.0783386230469,
    0.0,
    427.19903564453125,
    0.0,
    0.0,
    425.0783386230469,
    239.22349548339844,
    0.0,
    0.0,
    0.0,
    1.0,
    0.0
  ],
  "binning_x": 0,
  "binning_y": 0,
  "roi": {
    "x_offset": 0,
    "y_offset": 0,
    "height": 0,
    "width": 0,
    "do_rectify": false
  },
  "fx": 425.0783386230469,
  "fy": 425.0783386230469,
  "cx": 427.19903564453125,
  "cy": 239.22349548339844,
  "timestamp": "20260310_171557",
  "cloud_time": 1773134157.8600852,
  "camera_info_time": 1773134157.8196168,
  "time_diff": 0.040468454360961914
}